-- MySQL dump 10.13  Distrib 5.5.16, for Linux (i686)
--
-- Host: localhost    Database: ichnaea
-- ------------------------------------------------------
-- Server version	5.5.16

/*!40101 SET @OLD_CHARACTER_SET_CLIENT=@@CHARACTER_SET_CLIENT */;
/*!40101 SET @OLD_CHARACTER_SET_RESULTS=@@CHARACTER_SET_RESULTS */;
/*!40101 SET @OLD_COLLATION_CONNECTION=@@COLLATION_CONNECTION */;
/*!40101 SET NAMES utf8 */;
/*!40103 SET @OLD_TIME_ZONE=@@TIME_ZONE */;
/*!40103 SET TIME_ZONE='+00:00' */;
/*!40014 SET @OLD_UNIQUE_CHECKS=@@UNIQUE_CHECKS, UNIQUE_CHECKS=0 */;
/*!40014 SET @OLD_FOREIGN_KEY_CHECKS=@@FOREIGN_KEY_CHECKS, FOREIGN_KEY_CHECKS=0 */;
/*!40101 SET @OLD_SQL_MODE=@@SQL_MODE, SQL_MODE='NO_AUTO_VALUE_ON_ZERO' */;
/*!40111 SET @OLD_SQL_NOTES=@@SQL_NOTES, SQL_NOTES=0 */;

--
-- Table structure for table `matrix`
--

DROP TABLE IF EXISTS `matrix`;
/*!40101 SET @saved_cs_client     = @@character_set_client */;
/*!40101 SET character_set_client = utf8 */;
CREATE TABLE `matrix` (
  `id` int(11) NOT NULL AUTO_INCREMENT,
  `project_id` int(11) NOT NULL,
  `name` varchar(255) DEFAULT NULL,
  `active` enum('y','n') NOT NULL DEFAULT 'y',
  `created` timestamp NOT NULL DEFAULT CURRENT_TIMESTAMP,
  PRIMARY KEY (`id`),
  KEY `project_id` (`project_id`),
  CONSTRAINT `matrix_ibfk_1` FOREIGN KEY (`project_id`) REFERENCES `projects` (`id`)
) ENGINE=InnoDB AUTO_INCREMENT=51 DEFAULT CHARSET=latin1;
/*!40101 SET character_set_client = @saved_cs_client */;

--
-- Dumping data for table `matrix`
--

LOCK TABLES `matrix` WRITE;
/*!40000 ALTER TABLE `matrix` DISABLE KEYS */;
INSERT INTO `matrix` VALUES (3,1,'Matrix','n','2012-12-29 16:30:18'),(4,1,'Matrix','n','2012-12-29 16:30:58'),(5,1,'Hello','n','2012-12-29 18:57:51'),(6,1,'Hello matrix','n','2012-12-29 18:58:37'),(7,1,'Hello matrix','n','2012-12-29 18:59:05'),(8,1,'Hello matrix','n','2012-12-29 18:59:29'),(9,1,'Hello matrix','n','2012-12-29 19:01:11'),(10,1,'Hello matrix','n','2012-12-29 19:02:07'),(11,1,'My very new matrix','n','2012-12-29 19:05:00'),(12,5,'Rio Llobregat','n','2012-12-30 19:48:13'),(13,1,'Not empty','n','2012-12-31 18:43:14'),(14,1,'Hello Matrix','n','2012-12-31 19:07:02'),(16,1,'Hello Matrix','n','2012-12-31 19:16:15'),(17,2,'Today Developing matrix','y','2013-01-05 16:00:20'),(18,5,'Prueba de matriz','n','2013-01-06 14:58:52'),(19,5,'Matrix to unify','n','2013-01-06 15:20:14'),(20,8,'matrix a','y','2013-01-06 15:47:03'),(21,5,'Naming','y','2013-01-13 13:01:13'),(22,5,'Naming','y','2013-01-13 13:02:16'),(28,5,'Naming','y','2013-01-13 13:13:54'),(29,5,'Matrix','y','2013-01-16 15:54:20'),(30,5,'Matrix','y','2013-01-16 18:16:04'),(31,5,'Matrix','y','2013-01-16 18:16:49'),(34,1,'Rio Llobregat-modified','y','2013-01-16 18:52:51'),(35,1,'Helo','y','2013-01-25 11:04:16'),(36,9,'My first matrix','n','2013-01-29 16:53:52'),(37,9,'My first matrix','n','2013-01-29 16:56:17'),(38,9,'Mi first matrix','n','2013-01-29 16:57:57'),(39,11,'My very first matrix','n','2013-01-30 15:09:39'),(40,11,'Hello','n','2013-01-30 18:49:42'),(41,11,'helo1','n','2013-01-30 18:50:09'),(42,11,'Hello','n','2013-01-30 18:52:05'),(43,11,'Julio','n','2013-01-30 18:53:14'),(44,12,'caixa','n','2013-02-06 11:35:19'),(45,12,'caixa','n','2013-02-06 11:58:36'),(46,12,'caixa','n','2013-02-06 12:00:59'),(47,9,'My first matrix','y','2013-02-07 16:02:28'),(48,13,'Project Alpha - m1','y','2013-02-13 15:58:56'),(50,13,'M2','y','2013-02-13 16:28:36');
/*!40000 ALTER TABLE `matrix` ENABLE KEYS */;
UNLOCK TABLES;

--
-- Table structure for table `projects`
--

DROP TABLE IF EXISTS `projects`;
/*!40101 SET @saved_cs_client     = @@character_set_client */;
/*!40101 SET character_set_client = utf8 */;
CREATE TABLE `projects` (
  `id` int(11) NOT NULL AUTO_INCREMENT,
  `user_owner` int(11) NOT NULL,
  `name` varchar(255) DEFAULT NULL,
  `created` timestamp NOT NULL DEFAULT CURRENT_TIMESTAMP,
  PRIMARY KEY (`id`),
  UNIQUE KEY `projects_key` (`name`,`user_owner`),
  KEY `user_owner` (`user_owner`),
  CONSTRAINT `projects_ibfk_1` FOREIGN KEY (`user_owner`) REFERENCES `users` (`id`)
) ENGINE=InnoDB AUTO_INCREMENT=14 DEFAULT CHARSET=latin1;
/*!40101 SET character_set_client = @saved_cs_client */;

--
-- Dumping data for table `projects`
--

LOCK TABLES `projects` WRITE;
/*!40000 ALTER TABLE `projects` DISABLE KEYS */;
INSERT INTO `projects` VALUES (1,1,'Golden Project','0000-00-00 00:00:00'),(2,1,'Apple Project','0000-00-00 00:00:00'),(3,1,'Mi primer proyecto','2012-12-22 12:27:15'),(4,3,'JDEDIOS PROJECT','2012-12-23 08:24:25'),(5,2,'My new project','2012-12-30 19:47:22'),(6,1,'Real First Project','2013-01-01 19:10:48'),(8,2,'Second project','2013-01-06 15:46:43'),(9,4,'This is my first project','2013-01-29 16:42:31'),(10,4,'Hello','2013-01-30 14:25:34'),(11,4,'My second project','2013-01-30 14:26:08'),(12,4,'My third project','2013-02-05 15:09:04'),(13,5,'Project Alpha','2013-02-13 15:58:08');
/*!40000 ALTER TABLE `projects` ENABLE KEYS */;
UNLOCK TABLES;

--
-- Table structure for table `sample`
--

DROP TABLE IF EXISTS `sample`;
/*!40101 SET @saved_cs_client     = @@character_set_client */;
/*!40101 SET character_set_client = utf8 */;
CREATE TABLE `sample` (
  `id` int(11) NOT NULL AUTO_INCREMENT,
  `matrix_id` int(11) NOT NULL,
  `created` timestamp NOT NULL DEFAULT CURRENT_TIMESTAMP,
  PRIMARY KEY (`id`),
  KEY `matrix_id` (`matrix_id`),
  CONSTRAINT `sample_ibfk_1` FOREIGN KEY (`matrix_id`) REFERENCES `matrix` (`id`)
) ENGINE=InnoDB AUTO_INCREMENT=75 DEFAULT CHARSET=latin1;
/*!40101 SET character_set_client = @saved_cs_client */;

--
-- Dumping data for table `sample`
--

LOCK TABLES `sample` WRITE;
/*!40000 ALTER TABLE `sample` DISABLE KEYS */;
INSERT INTO `sample` VALUES (14,17,'2013-01-05 20:51:12'),(15,17,'2013-01-05 20:53:18'),(16,17,'2013-01-05 20:56:13'),(17,17,'2013-01-05 20:56:34'),(18,17,'2013-01-05 20:56:49'),(19,17,'2013-01-05 20:56:59'),(20,17,'2013-01-05 21:01:15'),(21,17,'2013-01-05 21:01:59'),(22,17,'2013-01-05 21:02:43'),(23,17,'2013-01-05 21:03:29'),(24,17,'2013-01-05 21:03:32'),(25,17,'2013-01-05 21:03:47'),(26,17,'2013-01-05 21:25:03'),(29,16,'2013-01-06 16:52:24'),(30,16,'2013-01-06 16:52:49'),(33,16,'2013-01-07 18:08:14'),(34,16,'2013-01-07 18:08:26'),(35,16,'2013-01-07 18:26:35'),(36,17,'2013-01-10 16:17:26'),(37,16,'2013-01-16 15:52:56'),(38,34,'2013-01-25 12:18:12'),(39,34,'2013-01-28 16:00:39'),(40,34,'2013-01-28 16:14:41'),(41,34,'2013-01-29 14:56:42'),(42,34,'2013-01-29 16:21:49'),(43,38,'2013-01-29 17:03:54'),(44,46,'2013-02-06 12:57:28'),(45,46,'2013-02-06 13:02:45'),(46,46,'2013-02-06 13:02:52'),(47,46,'2013-02-06 13:04:04'),(48,46,'2013-02-06 13:04:20'),(49,46,'2013-02-06 13:27:42'),(56,47,'2013-02-07 16:15:34'),(57,47,'2013-02-07 16:15:40'),(72,47,'2013-02-08 14:21:08'),(73,47,'2013-02-08 14:46:16'),(74,50,'2013-02-13 16:28:41');
/*!40000 ALTER TABLE `sample` ENABLE KEYS */;
UNLOCK TABLES;

--
-- Table structure for table `users`
--

DROP TABLE IF EXISTS `users`;
/*!40101 SET @saved_cs_client     = @@character_set_client */;
/*!40101 SET character_set_client = utf8 */;
CREATE TABLE `users` (
  `id` int(11) NOT NULL AUTO_INCREMENT,
  `name` varchar(255) NOT NULL,
  `login` varchar(255) NOT NULL,
  `administrator` enum('y','n') NOT NULL DEFAULT 'n',
  `passwd` varchar(255) DEFAULT NULL,
  `created` timestamp NOT NULL DEFAULT CURRENT_TIMESTAMP ON UPDATE CURRENT_TIMESTAMP,
  PRIMARY KEY (`id`),
  UNIQUE KEY `login` (`login`)
) ENGINE=InnoDB AUTO_INCREMENT=7 DEFAULT CHARSET=latin1;
/*!40101 SET character_set_client = @saved_cs_client */;

--
-- Dumping data for table `users`
--

LOCK TABLES `users` WRITE;
/*!40000 ALTER TABLE `users` DISABLE KEYS */;
INSERT INTO `users` VALUES (1,'Nahuel Admin Velazco','nahuelsgk@gmail.com','y','6777ef5d0255bac09c11e1903e079cfd','2012-12-21 14:13:19'),(2,'Nahuel Normal Velazco','nahuel@conexionesbcn.net','n','6777ef5d0255bac09c11e1903e079cfd','2012-12-30 19:46:47'),(3,'Juan de dios','jdedios@upc.edu','n','3d3f4b83fcc8617b5c79f2d1d450c75f','2012-12-23 08:23:12'),(4,'Nahuel Velazco','real@gmail.com','n','6777ef5d0255bac09c11e1903e079cfd','2013-01-29 16:41:12'),(5,'Usuario A','primer@gmail.com','n','6777ef5d0255bac09c11e1903e079cfd','2013-02-08 15:18:43'),(6,'Usuario B','segundo@gmail.com','n','6777ef5d0255bac09c11e1903e079cfd','2013-02-08 15:14:42');
/*!40000 ALTER TABLE `users` ENABLE KEYS */;
UNLOCK TABLES;

--
-- Table structure for table `value`
--

DROP TABLE IF EXISTS `value`;
/*!40101 SET @saved_cs_client     = @@character_set_client */;
/*!40101 SET character_set_client = utf8 */;
CREATE TABLE `value` (
  `id` int(11) NOT NULL AUTO_INCREMENT,
  `sample_id` int(11) NOT NULL,
  `var_id` int(11) NOT NULL,
  `value` double(32,16) DEFAULT NULL,
  `created` timestamp NOT NULL DEFAULT CURRENT_TIMESTAMP,
  PRIMARY KEY (`id`),
  KEY `sample_id` (`sample_id`),
  KEY `var_id` (`var_id`),
  CONSTRAINT `value_ibfk_1` FOREIGN KEY (`sample_id`) REFERENCES `sample` (`id`),
  CONSTRAINT `value_ibfk_2` FOREIGN KEY (`var_id`) REFERENCES `var` (`id`)
) ENGINE=InnoDB AUTO_INCREMENT=218 DEFAULT CHARSET=latin1;
/*!40101 SET character_set_client = @saved_cs_client */;

--
-- Dumping data for table `value`
--

LOCK TABLES `value` WRITE;
/*!40000 ALTER TABLE `value` DISABLE KEYS */;
INSERT INTO `value` VALUES (73,14,18,1.0000000000000000,'2013-01-05 20:51:12'),(74,14,19,2.0000000000000000,'2013-01-05 20:51:12'),(75,14,20,3.0000000000000000,'2013-01-05 20:51:12'),(76,14,21,4.0000000000000000,'2013-01-05 20:51:12'),(77,14,22,5.0000000000000000,'2013-01-05 20:51:12'),(78,15,18,3.6365657320000000,'2013-01-05 20:53:18'),(79,15,19,0.3838412873000000,'2013-01-05 20:53:18'),(80,15,20,12832.1293812938110000,'2013-01-05 20:53:18'),(81,15,21,0.0000031231230000,'2013-01-05 20:53:18'),(82,15,22,0.1231223123100000,'2013-01-05 20:53:18'),(83,16,18,12.0000000000000000,'2013-01-05 20:56:13'),(84,16,19,32.0000000000000000,'2013-01-05 20:56:13'),(85,16,20,NULL,'2013-01-05 20:56:13'),(86,16,21,32.0000000000000000,'2013-01-05 20:56:13'),(87,16,22,2.0000000000000000,'2013-01-05 20:56:13'),(88,17,18,1323.0000000000000000,'2013-01-05 20:56:34'),(89,17,19,43.0000000000000000,'2013-01-05 20:56:34'),(90,17,20,432.0000000000000000,'2013-01-05 20:56:34'),(91,17,21,423.0000000000000000,'2013-01-05 20:56:34'),(92,17,22,432.0000000000000000,'2013-01-05 20:56:34'),(93,18,18,1.0000000000000000,'2013-01-05 20:56:49'),(94,18,19,NULL,'2013-01-05 20:56:49'),(95,18,20,3.0000000000000000,'2013-01-05 20:56:49'),(96,18,21,5.0000000000000000,'2013-01-05 20:56:49'),(97,18,22,7.0000000000000000,'2013-01-05 20:56:49'),(98,19,18,1.0000000000000000,'2013-01-05 20:56:59'),(99,19,19,1.0000000000000000,'2013-01-05 20:56:59'),(100,19,20,1.0000000000000000,'2013-01-05 20:56:59'),(101,19,21,1.0000000000000000,'2013-01-05 20:56:59'),(102,19,22,NULL,'2013-01-05 20:56:59'),(103,20,18,123.0000000000000000,'2013-01-05 21:01:15'),(104,20,19,123.0000000000000000,'2013-01-05 21:01:15'),(105,20,20,123.0000000000000000,'2013-01-05 21:01:15'),(106,20,21,213.0000000000000000,'2013-01-05 21:01:15'),(107,20,22,123.0000000000000000,'2013-01-05 21:01:15'),(108,21,18,1.0000000000000000,'2013-01-05 21:01:59'),(109,21,19,2.0000000000000000,'2013-01-05 21:01:59'),(110,21,20,3.0000000000000000,'2013-01-05 21:01:59'),(111,21,21,4.0000000000000000,'2013-01-05 21:01:59'),(112,21,22,5.0000000000000000,'2013-01-05 21:01:59'),(113,22,18,1.0000000000000000,'2013-01-05 21:02:43'),(114,22,19,2.0000000000000000,'2013-01-05 21:02:43'),(115,22,20,34.0000000000000000,'2013-01-05 21:02:43'),(116,22,21,5.0000000000000000,'2013-01-05 21:02:43'),(117,22,22,6.0000000000000000,'2013-01-05 21:02:43'),(118,23,18,1.0000000000000000,'2013-01-05 21:03:29'),(119,23,19,2.0000000000000000,'2013-01-05 21:03:29'),(120,23,20,3.0000000000000000,'2013-01-05 21:03:29'),(121,23,21,4.0000000000000000,'2013-01-05 21:03:29'),(122,23,22,5.0000000000000000,'2013-01-05 21:03:29'),(123,24,18,1.0000000000000000,'2013-01-05 21:03:32'),(124,24,19,2.0000000000000000,'2013-01-05 21:03:32'),(125,24,20,3.0000000000000000,'2013-01-05 21:03:32'),(126,24,21,4.0000000000000000,'2013-01-05 21:03:32'),(127,24,22,5.0000000000000000,'2013-01-05 21:03:32'),(128,25,18,1.0000000000000000,'2013-01-05 21:03:47'),(129,25,19,3.0000000000000000,'2013-01-05 21:03:47'),(130,25,20,4.0000000000000000,'2013-01-05 21:03:47'),(131,25,21,5.0000000000000000,'2013-01-05 21:03:47'),(132,25,22,6.0000000000000000,'2013-01-05 21:03:47'),(133,26,18,6.0000000000000000,'2013-01-05 21:25:03'),(134,26,19,7.0000000000000000,'2013-01-05 21:25:03'),(135,26,20,8.0000000000000000,'2013-01-05 21:25:03'),(136,26,21,9.0000000000000000,'2013-01-05 21:25:03'),(137,26,22,12.0000000000000000,'2013-01-05 21:25:03'),(150,33,15,1.0000000000000000,'2013-01-07 18:08:14'),(151,33,16,NULL,'2013-01-07 18:08:14'),(152,33,17,3.0000000000000000,'2013-01-07 18:08:14'),(153,34,15,312.2312312321000000,'2013-01-07 18:08:26'),(154,34,16,0.2323123120000000,'2013-01-07 18:08:26'),(155,34,17,191919231223.1010000000000000,'2013-01-07 18:08:26'),(156,35,15,1.0000000000000000,'2013-01-07 18:26:35'),(157,35,16,2.0000000000000000,'2013-01-07 18:26:35'),(158,35,17,3.0000000000000000,'2013-01-07 18:26:35'),(159,36,18,192.3293100000000000,'2013-01-10 16:17:26'),(160,36,19,293192.3123100000000000,'2013-01-10 16:17:26'),(161,36,20,912931231.3123120000000000,'2013-01-10 16:17:26'),(162,36,21,1919.1231000000000000,'2013-01-10 16:17:26'),(163,36,22,0.2193192391000000,'2013-01-10 16:17:26'),(164,37,15,872.2120000000000000,'2013-01-16 15:52:56'),(165,37,16,123.0000000000000000,'2013-01-16 15:52:56'),(166,37,17,123.0000000000000000,'2013-01-16 15:52:56'),(167,38,41,0.2123000000000000,'2013-01-25 12:18:12'),(168,38,52,1231231.0000000000000000,'2013-01-25 12:18:12'),(169,39,41,1727.0000000000000000,'2013-01-28 16:00:39'),(170,39,52,272772.0000000000000000,'2013-01-28 16:00:39'),(171,39,54,121.0000000000000000,'2013-01-28 16:00:39'),(172,39,55,NULL,'2013-01-28 16:00:39'),(173,40,41,NULL,'2013-01-28 16:14:41'),(174,40,52,NULL,'2013-01-28 16:14:41'),(175,40,54,2.0000000000000000,'2013-01-28 16:14:41'),(176,40,55,1.0000000000000000,'2013-01-28 16:14:41'),(177,38,5,5.0000000000000000,'2013-01-29 14:54:59'),(178,38,1,1.0000000000000000,'2013-01-29 14:54:59'),(179,38,5,5.0000000000000000,'2013-01-29 14:55:17'),(180,38,1,1.0000000000000000,'2013-01-29 14:55:17'),(181,38,5,5.0000000000000000,'2013-01-29 14:55:40'),(182,38,1,1.0000000000000000,'2013-01-29 14:55:40'),(183,38,5,5.0000000000000000,'2013-01-29 14:55:59'),(184,38,1,1.0000000000000000,'2013-01-29 14:55:59'),(185,41,41,1.0000000000000000,'2013-01-29 14:56:42'),(186,41,52,2.0000000000000000,'2013-01-29 14:56:42'),(187,41,54,NULL,'2013-01-29 14:56:42'),(188,41,55,4.0000000000000000,'2013-01-29 14:56:42'),(189,38,5,5.0000000000000000,'2013-01-29 14:57:04'),(190,38,1,1.0000000000000000,'2013-01-29 14:57:04'),(191,38,5,5.0000000000000000,'2013-01-29 14:58:17'),(192,38,1,1.0000000000000000,'2013-01-29 14:58:17'),(193,38,5,5.0000000000000000,'2013-01-29 15:00:54'),(194,38,1,1.0000000000000000,'2013-01-29 15:00:54'),(195,38,54,NULL,'2013-01-29 15:02:58'),(196,38,55,12.0000000000000000,'2013-01-29 15:10:00'),(197,42,54,34.0000000000000000,'2013-01-29 16:22:03'),(198,43,58,14.0000000000000000,'2013-01-29 17:05:41'),(199,44,63,12.0000000000000000,'2013-02-06 12:58:57'),(200,44,64,345.0000000000000000,'2013-02-06 12:59:24'),(201,45,63,12.4540000000000000,'2013-02-06 13:03:53'),(202,45,64,23.0000000000000000,'2013-02-06 13:03:59'),(203,56,66,1.0000000000000000,'2013-02-07 16:15:44'),(206,57,65,123.0000000000000000,'2013-02-07 16:16:08'),(207,56,65,NULL,'2013-02-07 16:42:18'),(208,56,67,1.0000000000000000,'2013-02-07 16:42:22'),(209,57,66,2.0000000000000000,'2013-02-07 16:42:25'),(211,72,65,12.0000000000000000,'2013-02-08 14:21:13'),(212,72,67,32.0000000000000000,'2013-02-08 14:21:16'),(213,73,66,145.0000000000000000,'2013-02-08 14:46:22'),(214,73,67,23.0000000000000000,'2013-02-08 14:46:26'),(215,57,67,NULL,'2013-02-08 15:50:53'),(216,74,70,12.0000000000000000,'2013-02-13 16:28:46'),(217,74,71,13.5600000000000000,'2013-02-13 16:28:53');
/*!40000 ALTER TABLE `value` ENABLE KEYS */;
UNLOCK TABLES;

--
-- Table structure for table `var`
--

DROP TABLE IF EXISTS `var`;
/*!40101 SET @saved_cs_client     = @@character_set_client */;
/*!40101 SET character_set_client = utf8 */;
CREATE TABLE `var` (
  `id` int(11) NOT NULL AUTO_INCREMENT,
  `matrix_id` int(11) NOT NULL,
  `name` varchar(255) NOT NULL,
  `threshold_limit` double(32,16) DEFAULT NULL,
  `created` timestamp NOT NULL DEFAULT CURRENT_TIMESTAMP,
  PRIMARY KEY (`id`)
) ENGINE=InnoDB AUTO_INCREMENT=72 DEFAULT CHARSET=latin1;
/*!40101 SET character_set_client = @saved_cs_client */;

--
-- Dumping data for table `var`
--

LOCK TABLES `var` WRITE;
/*!40000 ALTER TABLE `var` DISABLE KEYS */;
INSERT INTO `var` VALUES (1,1,'a',NULL,'2012-12-29 19:02:07'),(2,1,'b',NULL,'2012-12-29 19:02:07'),(3,1,'SUmas',NULL,'2012-12-29 19:05:00'),(4,1,'Restas',NULL,'2012-12-29 19:05:00'),(5,5,'a',NULL,'2012-12-30 19:48:13'),(6,5,'b',NULL,'2012-12-30 19:48:13'),(7,5,'c',NULL,'2012-12-30 19:48:13'),(8,5,'d',NULL,'2012-12-30 19:48:13'),(9,5,'e',NULL,'2012-12-30 19:48:13'),(10,5,'f',NULL,'2012-12-30 19:48:13'),(11,1,'Var 1',NULL,'2012-12-31 18:43:14'),(12,1,'Var 2',NULL,'2012-12-31 18:43:14'),(13,1,'Var 3',NULL,'2012-12-31 18:43:14'),(14,1,'Var 4',NULL,'2012-12-31 18:43:14'),(15,16,'var aaw',12.0000000000000000,'2012-12-31 19:16:15'),(16,16,'var bs',132.0000000000000000,'2012-12-31 19:16:15'),(17,16,'var f',NULL,'2012-12-31 19:16:15'),(18,17,'A',NULL,'2013-01-05 16:00:20'),(19,17,'B',NULL,'2013-01-05 16:00:20'),(20,17,'C',NULL,'2013-01-05 16:00:20'),(21,17,'D1',NULL,'2013-01-05 16:00:20'),(22,17,'D2',NULL,'2013-01-05 16:00:20'),(23,18,'a',NULL,'2013-01-06 14:58:52'),(24,18,'b',NULL,'2013-01-06 14:58:52'),(25,18,'d',NULL,'2013-01-06 14:58:52'),(26,19,'A1',NULL,'2013-01-06 15:20:14'),(27,19,'A2',NULL,'2013-01-06 15:20:14'),(28,19,'x',NULL,'2013-01-06 15:20:14'),(29,19,'y',NULL,'2013-01-06 15:20:14'),(30,19,'z',NULL,'2013-01-06 15:20:14'),(31,20,'Z',NULL,'2013-01-06 15:47:03'),(32,20,'X',NULL,'2013-01-06 15:47:03'),(33,20,'Y',NULL,'2013-01-06 15:47:03'),(34,28,'a',2.0000000000000000,'2013-01-13 13:13:54'),(35,28,'b',3.0000000000000000,'2013-01-13 13:13:54'),(36,29,'A',10.0000000000000000,'2013-01-16 15:54:20'),(37,29,'B ',20.0000000000000000,'2013-01-16 15:54:20'),(38,29,'C',30.0000000000000000,'2013-01-16 15:54:20'),(39,30,'D',19.0000000000000000,'2013-01-16 18:16:04'),(40,31,'f',123.0000000000000000,'2013-01-16 18:16:49'),(41,34,'asrd2',45.0000000000000000,'2013-01-16 18:52:51'),(44,29,'1',1.0000000000000000,'2013-01-20 09:56:13'),(46,29,'1',1.0000000000000000,'2013-01-20 09:57:01'),(48,29,'1',1.0000000000000000,'2013-01-20 09:58:10'),(49,29,'f',23.0000000000000000,'2013-01-20 10:05:15'),(50,31,'h',124.0000000000000000,'2013-01-22 11:32:11'),(51,31,'r',143.4324000000000000,'2013-01-22 11:35:02'),(52,34,'asy',2312.0000000000000000,'2013-01-23 20:38:02'),(53,35,'sas1',3.0000000000000000,'2013-01-25 11:04:16'),(54,34,'hutsle',190.2230000000000000,'2013-01-28 15:12:39'),(55,34,'Julio',0.0101000000000000,'2013-01-28 15:12:39'),(57,38,'B2',0.6000000000000000,'2013-01-29 16:59:22'),(58,38,'Cd3',-0.2000000000000000,'2013-01-29 16:59:22'),(60,38,'r5h',0.2320000000000000,'2013-01-29 17:02:08'),(61,38,'r5h',0.2320000000000000,'2013-01-29 17:02:14'),(63,46,'b3',2.5000000000000000,'2013-02-06 12:33:35'),(64,46,'c1',17.0000000000000000,'2013-02-06 12:36:41'),(65,47,'A',12.3000000000000000,'2013-02-07 16:02:28'),(66,47,'C',72.0000000000000000,'2013-02-07 16:02:28'),(67,47,'D',21.0000000000000000,'2013-02-07 16:02:28'),(68,48,'Abs',123.0000000000000000,'2013-02-13 15:58:56'),(69,48,'Run',0.0002000000000000,'2013-02-13 15:58:56'),(70,50,'alpha',0.5000000000000000,'2013-02-13 16:28:36'),(71,50,'beta ',0.7000000000000000,'2013-02-13 16:28:36');
/*!40000 ALTER TABLE `var` ENABLE KEYS */;
UNLOCK TABLES;
/*!40103 SET TIME_ZONE=@OLD_TIME_ZONE */;

/*!40101 SET SQL_MODE=@OLD_SQL_MODE */;
/*!40014 SET FOREIGN_KEY_CHECKS=@OLD_FOREIGN_KEY_CHECKS */;
/*!40014 SET UNIQUE_CHECKS=@OLD_UNIQUE_CHECKS */;
/*!40101 SET CHARACTER_SET_CLIENT=@OLD_CHARACTER_SET_CLIENT */;
/*!40101 SET CHARACTER_SET_RESULTS=@OLD_CHARACTER_SET_RESULTS */;
/*!40101 SET COLLATION_CONNECTION=@OLD_COLLATION_CONNECTION */;
/*!40111 SET SQL_NOTES=@OLD_SQL_NOTES */;

-- Dump completed on 2013-02-13 18:03:04
